"Enrichment FDR","nGenes","Pathway Genes","Fold Enrichment","Pathway","URL","Genes"
1.47600077547333e-06,7,215,22.9465821000705,"Path:hsa05417 Lipid and atherosclerosis","https://www.genome.jp/kegg-bin/show_pathway?hsa05417"," CCL3L3  MMP1  MMP3  NCF2  CCL3  BID"
8.0668842668891e-06,5,93,37.8918214402085,"Path:hsa05323 Rheumatoid arthritis","https://www.genome.jp/kegg-bin/show_pathway?hsa05323"," CCL3L3  MMP1  MMP3  CCL3"
0.000437879863925164,4,108,26.1032547699214,"Path:hsa04620 Toll-like receptor signaling pathway","https://www.genome.jp/kegg-bin/show_pathway?hsa04620"," CCL3L3  CCL3  SPP1"
0.00445935514346175,3,89,23.7568947906027,"Path:hsa04512 ECM-receptor interaction","https://www.genome.jp/kegg-bin/show_pathway?hsa04512"," COL1A2  COL4A1  SPP1"
0.00445935514346175,4,224,12.5854978354978,"Path:hsa05163 Human cytomegalovirus infection","https://www.genome.jp/kegg-bin/show_pathway?hsa05163"," CCL3L3  CCL3  BID"
0.00469856741908308,3,99,21.3572084481175,"Path:hsa04061 Viral protein interaction with cytokine and cytokine receptor","https://www.genome.jp/kegg-bin/show_pathway?hsa04061"," CCL3L3  CCL3"
0.00469856741908308,3,102,20.729055258467,"Path:hsa05142 Chagas disease","https://www.genome.jp/kegg-bin/show_pathway?hsa05142"," CCL3L3  CCL3"
0.00815351013394088,3,129,16.3904157857646,"Path:hsa04926 Relaxin signaling pathway","https://www.genome.jp/kegg-bin/show_pathway?hsa04926"," COL1A2  COL4A1  MMP1"
0.0148808324771562,4,362,7.78771136782187,"Path:hsa04151 PI3K-Akt signaling pathway","https://www.genome.jp/kegg-bin/show_pathway?hsa04151"," COL1A2  COL4A1  ERBB3  SPP1"
0.0180009502480658,2,50,28.1915151515152,"Path:hsa00565 Ether lipid metabolism","https://www.genome.jp/kegg-bin/show_pathway?hsa00565"," GDPD3  PLA2G7"
0.0180009502480658,3,190,11.1282296650718,"Path:hsa04062 Chemokine signaling pathway","https://www.genome.jp/kegg-bin/show_pathway?hsa04062"," CCL3L3  CCL3"
0.0183647052541772,3,202,10.4671467146715,"Path:hsa04510 Focal adhesion","https://www.genome.jp/kegg-bin/show_pathway?hsa04510"," COL1A2  COL4A1  SPP1"
0.0183647052541772,3,203,10.4155844155844,"Path:hsa05205 Proteoglycans in cancer","https://www.genome.jp/kegg-bin/show_pathway?hsa05205"," COL1A2  ERBB3  PLAU"
0.0379803755392895,3,297,7.11906948270585,"Path:hsa04060 Cytokine-cytokine receptor interaction","https://www.genome.jp/kegg-bin/show_pathway?hsa04060"," CCL3L3  CCL3"
0.0379803755392895,2,103,13.6852015298617,"Path:hsa04064 NF-kappa B signaling pathway","https://www.genome.jp/kegg-bin/show_pathway?hsa04064"," BLNK  PLAU"
0.0379803755392895,2,93,15.1567285760834,"Path:hsa04657 IL-17 signaling pathway","https://www.genome.jp/kegg-bin/show_pathway?hsa04657"," MMP1  MMP3"
0.0379803755392895,2,99,14.2381389654117,"Path:hsa04933 AGE-RAGE signaling pathway in diabetic complications","https://www.genome.jp/kegg-bin/show_pathway?hsa04933"," COL1A2  COL4A1"
0.0379803755392895,2,103,13.6852015298617,"Path:hsa04974 Protein digestion and absorption","https://www.genome.jp/kegg-bin/show_pathway?hsa04974"," COL1A2  COL4A1"
0.0379803755392895,2,102,13.8193701723114,"Path:hsa05146 Amoebiasis","https://www.genome.jp/kegg-bin/show_pathway?hsa05146"," COL1A2  COL4A1"
0.0379803755392895,2,97,14.5317088409872,"Path:hsa05215 Prostate cancer","https://www.genome.jp/kegg-bin/show_pathway?hsa05215"," MMP3  PLAU"
0.0441966861671201,3,332,6.36856516976999,"Path:hsa05165 Human papillomavirus infection","https://www.genome.jp/kegg-bin/show_pathway?hsa05165"," COL1A2  COL4A1  SPP1"
0.0561926793902147,2,133,10.598313966735,"Path:hsa04380 Osteoclast differentiation","https://www.genome.jp/kegg-bin/show_pathway?hsa04380"," BLNK  NCF2"
0.0568434819179578,2,137,10.2888741428887,"Path:hsa04210 Apoptosis","https://www.genome.jp/kegg-bin/show_pathway?hsa04210"," CTSB  BID"
0.105118532284366,2,195,7.22859362859363,"Path:hsa05202 Transcriptional misregulation in cancer","https://www.genome.jp/kegg-bin/show_pathway?hsa05202"," MMP3  PLAU"
0.105387339164058,2,202,6.97809780978098,"Path:hsa05169 Epstein-Barr virus infection","https://www.genome.jp/kegg-bin/show_pathway?hsa05169"," BLNK  BID"
0.105387339164058,2,204,6.90968508615568,"Path:hsa05415 Diabetic cardiomyopathy","https://www.genome.jp/kegg-bin/show_pathway?hsa05415"," COL1A2  NCF2"
0.115636154566992,3,529,3.99690668499742,"Path:hsa05200 Pathways in cancer","https://www.genome.jp/kegg-bin/show_pathway?hsa05200"," COL4A1  MMP1  BID"
0.120010135608182,1,32,22.0246212121212,"Path:hsa04215 Apoptosis-multiple species","https://www.genome.jp/kegg-bin/show_pathway?hsa04215"," BID"
0.120010135608182,2,232,6.07575757575758,"Path:hsa04820 Cytoskeleton in muscle cells","https://www.genome.jp/kegg-bin/show_pathway?hsa04820"," COL1A2  COL4A1"
0.120010135608182,2,234,6.02382802382802,"Path:hsa05171 Coronavirus disease-COVID-19","https://www.genome.jp/kegg-bin/show_pathway?hsa05171"," MMP1  MMP3"
0.130299366346948,1,36,19.5774410774411,"Path:hsa00040 Pentose and glucuronate interconversions","https://www.genome.jp/kegg-bin/show_pathway?hsa00040"," CRYL1"
0.133058193832038,1,38,18.5470494417863,"Path:hsa05340 Primary immunodeficiency","https://www.genome.jp/kegg-bin/show_pathway?hsa05340"," BLNK"
0.138927473639317,1,41,17.189948263119,"Path:hsa05219 Bladder cancer","https://www.genome.jp/kegg-bin/show_pathway?hsa05219"," MMP1"
0.170940100468436,2,311,4.53239793432719,"Path:hsa05206 MicroRNAs in cancer","https://www.genome.jp/kegg-bin/show_pathway?hsa05206"," ERBB3  PLAU"
0.197579508156325,1,75,9.39717171717172,"Path:hsa01524 Platinum drug resistance","https://www.genome.jp/kegg-bin/show_pathway?hsa01524"," BID"
0.197579508156325,1,76,9.27352472089314,"Path:hsa03320 PPAR signaling pathway","https://www.genome.jp/kegg-bin/show_pathway?hsa03320"," MMP1"
0.197579508156325,1,75,9.39717171717172,"Path:hsa04115 p53 signaling pathway","https://www.genome.jp/kegg-bin/show_pathway?hsa04115"," BID"
0.197579508156325,1,68,10.3645276292335,"Path:hsa04924 Renin secretion","https://www.genome.jp/kegg-bin/show_pathway?hsa04924"," CTSB"
0.197579508156325,1,64,11.0123106060606,"Path:hsa04929 GnRH secretion","https://www.genome.jp/kegg-bin/show_pathway?hsa04929"," SPP1"
0.197579508156325,2,367,3.84080587895302,"Path:hsa05014 Amyotrophic lateral sclerosis","https://www.genome.jp/kegg-bin/show_pathway?hsa05014"," BID  DERL1"
0.197579508156325,1,76,9.27352472089314,"Path:hsa05140 Leishmaniasis","https://www.genome.jp/kegg-bin/show_pathway?hsa05140"," NCF2"
0.197579508156325,1,69,10.2143170838823,"Path:hsa05416 Viral myocarditis","https://www.genome.jp/kegg-bin/show_pathway?hsa05416"," BID"
0.197987533636008,1,79,8.92136555427695,"Path:hsa01521 EGFR tyrosine kinase inhibitor resistance","https://www.genome.jp/kegg-bin/show_pathway?hsa01521"," ERBB3"
0.197987533636008,1,80,8.80984848484849,"Path:hsa04612 Antigen processing and presentation","https://www.genome.jp/kegg-bin/show_pathway?hsa04612"," CTSB"
0.198310585544793,1,84,8.39033189033189,"Path:hsa04012 ErbB signaling pathway","https://www.genome.jp/kegg-bin/show_pathway?hsa04012"," ERBB3"
0.198310585544793,1,83,8.49142022635999,"Path:hsa04662 B cell receptor signaling pathway","https://www.genome.jp/kegg-bin/show_pathway?hsa04662"," BLNK"
0.198443717196063,1,86,8.19520789288231,"Path:hsa04610 Complement and coagulation cascades","https://www.genome.jp/kegg-bin/show_pathway?hsa04610"," PLAU"
